<?xml version="1.0" encoding="UTF-8"?><record_update>
    <sys_choice action="INSERT_OR_UPDATE" field="gender" table="x_1625773_simple_0_simpleserve" version="3">
        <sys_choice_set action="INSERT_OR_UPDATE">
            <element>gender</element>
            <name>x_1625773_simple_0_simpleserve</name>
            <sys_class_name>sys_choice_set</sys_class_name>
            <sys_created_by>admin</sys_created_by>
            <sys_created_on>2025-03-04 15:39:01</sys_created_on>
            <sys_mod_count>0</sys_mod_count>
            <sys_name>gender</sys_name>
            <sys_package display_value="SimpleServiceNow" source="x_1625773_simple_0">020b320e83c022109a6cc7b6feaad39b</sys_package>
            <sys_policy/>
            <sys_scope display_value="SimpleServiceNow">020b320e83c022109a6cc7b6feaad39b</sys_scope>
            <sys_update_name>sys_choice_x_1625773_simple_0_simpleserve_gender</sys_update_name>
            <sys_updated_by>admin</sys_updated_by>
            <sys_updated_on>2025-03-04 15:39:01</sys_updated_on>
        </sys_choice_set>
        <sys_choice action="INSERT_OR_UPDATE">
            <dependent_value/>
            <element>gender</element>
            <hint/>
            <inactive>false</inactive>
            <label>Male</label>
            <language>en</language>
            <name>x_1625773_simple_0_simpleserve</name>
            <sequence>0</sequence>
            <synonyms/>
            <sys_created_by>admin</sys_created_by>
            <sys_created_on>2025-03-04 15:39:01</sys_created_on>
            <sys_domain>global</sys_domain>
            <sys_domain_path>/</sys_domain_path>
            <sys_mod_count>0</sys_mod_count>
            <sys_updated_by>admin</sys_updated_by>
            <sys_updated_on>2025-03-04 15:39:01</sys_updated_on>
            <value>male</value>
        </sys_choice>
    </sys_choice>
</record_update>
