<?xml version="1.0" encoding="UTF-8"?><record_update table="sys_security_acl">
    <sys_security_acl action="INSERT_OR_UPDATE">
        <active>true</active>
        <admin_overrides>true</admin_overrides>
        <advanced>false</advanced>
        <applies_to/>
        <condition/>
        <decision_type>allow</decision_type>
        <description/>
        <local_or_existing>Local</local_or_existing>
        <name>x_1625773_simple_0_simpleserve</name>
        <operation display_value="read">read</operation>
        <script/>
        <security_attribute/>
        <sys_class_name>sys_security_acl</sys_class_name>
        <sys_created_by>admin</sys_created_by>
        <sys_created_on>2025-03-04 15:36:48</sys_created_on>
        <sys_id>a87bba0e83c022109a6cc7b6feaad318</sys_id>
        <sys_mod_count>0</sys_mod_count>
        <sys_name>x_1625773_simple_0_simpleserve</sys_name>
        <sys_package display_value="SimpleServiceNow" source="x_1625773_simple_0">020b320e83c022109a6cc7b6feaad39b</sys_package>
        <sys_policy/>
        <sys_scope display_value="SimpleServiceNow">020b320e83c022109a6cc7b6feaad39b</sys_scope>
        <sys_update_name>sys_security_acl_a87bba0e83c022109a6cc7b6feaad318</sys_update_name>
        <sys_updated_by>admin</sys_updated_by>
        <sys_updated_on>2025-03-04 15:36:48</sys_updated_on>
        <type display_value="record">record</type>
    </sys_security_acl>
</record_update>
