<?xml version="1.0" encoding="UTF-8"?><record_update>
    <sys_ui_list parent="" relationship="" sys_domain="global" table="x_1625773_simple_0_simpleserve" version="2" view="">
        <sys_ui_list_element action="INSERT_OR_UPDATE">
            <average_value>false</average_value>
            <element>sys_created_on</element>
            <list_id display_value="x_1625773_simple_0_simpleserve" element="NULL" name="x_1625773_simple_0_simpleserve" parent="NULL" relationship="NULL" sys_domain="global" view="Default view">bb6b7ec2838022109a6cc7b6feaad3c1</list_id>
            <max_value>false</max_value>
            <min_value>false</min_value>
            <position>0</position>
            <sum>false</sum>
            <sys_created_by>admin</sys_created_by>
            <sys_created_on>2025-03-04 15:36:45</sys_created_on>
            <sys_id>776b7ec2838022109a6cc7b6feaad3c3</sys_id>
            <sys_mod_count>0</sys_mod_count>
            <sys_updated_by>admin</sys_updated_by>
            <sys_updated_on>2025-03-04 15:36:45</sys_updated_on>
        </sys_ui_list_element>
        <sys_ui_list_element action="INSERT_OR_UPDATE">
            <average_value>false</average_value>
            <element>sys_created_by</element>
            <list_id display_value="x_1625773_simple_0_simpleserve" element="NULL" name="x_1625773_simple_0_simpleserve" parent="NULL" relationship="NULL" sys_domain="global" view="Default view">bb6b7ec2838022109a6cc7b6feaad3c1</list_id>
            <max_value>false</max_value>
            <min_value>false</min_value>
            <position>1</position>
            <sum>false</sum>
            <sys_created_by>admin</sys_created_by>
            <sys_created_on>2025-03-04 15:36:45</sys_created_on>
            <sys_id>bf6b7ec2838022109a6cc7b6feaad3c3</sys_id>
            <sys_mod_count>0</sys_mod_count>
            <sys_updated_by>admin</sys_updated_by>
            <sys_updated_on>2025-03-04 15:36:45</sys_updated_on>
        </sys_ui_list_element>
        <sys_ui_list_element action="INSERT_OR_UPDATE">
            <average_value>false</average_value>
            <element>sys_updated_on</element>
            <list_id display_value="x_1625773_simple_0_simpleserve" element="NULL" name="x_1625773_simple_0_simpleserve" parent="NULL" relationship="NULL" sys_domain="global" view="Default view">bb6b7ec2838022109a6cc7b6feaad3c1</list_id>
            <max_value>false</max_value>
            <min_value>false</min_value>
            <position>2</position>
            <sum>false</sum>
            <sys_created_by>admin</sys_created_by>
            <sys_created_on>2025-03-04 15:36:45</sys_created_on>
            <sys_id>b36b7ec2838022109a6cc7b6feaad3c4</sys_id>
            <sys_mod_count>0</sys_mod_count>
            <sys_updated_by>admin</sys_updated_by>
            <sys_updated_on>2025-03-04 15:36:45</sys_updated_on>
        </sys_ui_list_element>
        <sys_ui_list_element action="INSERT_OR_UPDATE">
            <average_value>false</average_value>
            <element>sys_updated_by</element>
            <list_id display_value="x_1625773_simple_0_simpleserve" element="NULL" name="x_1625773_simple_0_simpleserve" parent="NULL" relationship="NULL" sys_domain="global" view="Default view">bb6b7ec2838022109a6cc7b6feaad3c1</list_id>
            <max_value>false</max_value>
            <min_value>false</min_value>
            <position>3</position>
            <sum>false</sum>
            <sys_created_by>admin</sys_created_by>
            <sys_created_on>2025-03-04 15:36:45</sys_created_on>
            <sys_id>b76b7ec2838022109a6cc7b6feaad3c4</sys_id>
            <sys_mod_count>0</sys_mod_count>
            <sys_updated_by>admin</sys_updated_by>
            <sys_updated_on>2025-03-04 15:36:45</sys_updated_on>
        </sys_ui_list_element>
        <sys_ui_list_element action="INSERT_OR_UPDATE">
            <average_value>false</average_value>
            <element>sys_mod_count</element>
            <list_id display_value="x_1625773_simple_0_simpleserve" element="NULL" name="x_1625773_simple_0_simpleserve" parent="NULL" relationship="NULL" sys_domain="global" view="Default view">bb6b7ec2838022109a6cc7b6feaad3c1</list_id>
            <max_value>false</max_value>
            <min_value>false</min_value>
            <position>4</position>
            <sum>false</sum>
            <sys_created_by>admin</sys_created_by>
            <sys_created_on>2025-03-04 15:36:45</sys_created_on>
            <sys_id>bb6b7ec2838022109a6cc7b6feaad3c4</sys_id>
            <sys_mod_count>0</sys_mod_count>
            <sys_updated_by>admin</sys_updated_by>
            <sys_updated_on>2025-03-04 15:36:45</sys_updated_on>
        </sys_ui_list_element>
        <sys_ui_list action="INSERT_OR_UPDATE">
            <average_value>false</average_value>
            <element/>
            <max_value>false</max_value>
            <min_value>false</min_value>
            <name>x_1625773_simple_0_simpleserve</name>
            <parent/>
            <position/>
            <relationship/>
            <sum>false</sum>
            <sys_class_name>sys_ui_list</sys_class_name>
            <sys_created_by>admin</sys_created_by>
            <sys_created_on>2025-03-04 15:36:45</sys_created_on>
            <sys_domain>global</sys_domain>
            <sys_domain_path>/</sys_domain_path>
            <sys_id>bb6b7ec2838022109a6cc7b6feaad3c1</sys_id>
            <sys_mod_count>0</sys_mod_count>
            <sys_name>x_1625773_simple_0_simpleserve</sys_name>
            <sys_package display_value="SimpleServiceNow" source="x_1625773_simple_0">020b320e83c022109a6cc7b6feaad39b</sys_package>
            <sys_policy/>
            <sys_scope display_value="SimpleServiceNow">020b320e83c022109a6cc7b6feaad39b</sys_scope>
            <sys_update_name>sys_ui_list_x_1625773_simple_0_simpleserve_null</sys_update_name>
            <sys_updated_by>admin</sys_updated_by>
            <sys_updated_on>2025-03-04 15:36:45</sys_updated_on>
            <sys_user/>
            <view display_value="Default view" name="NULL">Default view</view>
            <view_name/>
        </sys_ui_list>
    </sys_ui_list>
</record_update>
