<?xml version="1.0" encoding="UTF-8"?><record_update table="sys_security_acl_role">
    <sys_security_acl_role action="INSERT_OR_UPDATE">
        <sys_class_name>sys_security_acl_role</sys_class_name>
        <sys_created_by>admin</sys_created_by>
        <sys_created_on>2025-03-04 15:36:49</sys_created_on>
        <sys_id>747bba0e83c022109a6cc7b6feaad388</sys_id>
        <sys_mod_count>0</sys_mod_count>
        <sys_name>x_1625773_simple_0_simpleserve.x_1625773_simple_0.user</sys_name>
        <sys_package display_value="SimpleServiceNow" source="x_1625773_simple_0">020b320e83c022109a6cc7b6feaad39b</sys_package>
        <sys_policy/>
        <sys_scope display_value="SimpleServiceNow">020b320e83c022109a6cc7b6feaad39b</sys_scope>
        <sys_security_acl display_value="x_1625773_simple_0_simpleserve">347bba0e83c022109a6cc7b6feaad385</sys_security_acl>
        <sys_update_name>sys_security_acl_role_747bba0e83c022109a6cc7b6feaad388</sys_update_name>
        <sys_updated_by>admin</sys_updated_by>
        <sys_updated_on>2025-03-04 15:36:49</sys_updated_on>
        <sys_user_role display_value="x_1625773_simple_0.user" name="x_1625773_simple_0.user">860b320e83c022109a6cc7b6feaad3b9</sys_user_role>
    </sys_security_acl_role>
</record_update>
