<?xml version="1.0" encoding="UTF-8"?><record_update>
    <sys_documentation element="" label="SimpleServe" language="en" table="x_1625773_simple_0_simpleserve">
        <sys_documentation action="INSERT_OR_UPDATE">
            <element/>
            <help/>
            <hint/>
            <label>SimpleServe</label>
            <language>en</language>
            <name>x_1625773_simple_0_simpleserve</name>
            <plural>SimpleServes</plural>
            <sys_class_name>sys_documentation</sys_class_name>
            <sys_created_by>admin</sys_created_by>
            <sys_created_on>2025-03-04 15:36:43</sys_created_on>
            <sys_mod_count>0</sys_mod_count>
            <sys_name>SimpleServe</sys_name>
            <sys_package display_value="SimpleServiceNow" source="x_1625773_simple_0">020b320e83c022109a6cc7b6feaad39b</sys_package>
            <sys_policy/>
            <sys_scope display_value="SimpleServiceNow">020b320e83c022109a6cc7b6feaad39b</sys_scope>
            <sys_update_name>sys_documentation_x_1625773_simple_0_simpleserve__en</sys_update_name>
            <sys_updated_by>admin</sys_updated_by>
            <sys_updated_on>2025-03-04 15:36:43</sys_updated_on>
            <url/>
            <url_target/>
        </sys_documentation>
    </sys_documentation>
</record_update>
