<?xml version="1.0" encoding="UTF-8"?><record_update>
    <sys_ui_section caption="" section_id="b76b7a0e83c022109a6cc7b6feaad328" sys_domain="global" table="x_1625773_simple_0_simpleserve" version="3" view="">
        <sys_ui_element action="INSERT_OR_UPDATE">
            <element>name</element>
            <position>0</position>
            <sys_created_by>admin</sys_created_by>
            <sys_created_on>2025-03-04 15:39:23</sys_created_on>
            <sys_id>9a0cf64e83c022109a6cc7b6feaad343</sys_id>
            <sys_mod_count>0</sys_mod_count>
            <sys_ui_formatter/>
            <sys_ui_section caption="NULL" display_value="" name="x_1625773_simple_0_simpleserve" sys_domain="global" view="Default view">b76b7a0e83c022109a6cc7b6feaad328</sys_ui_section>
            <sys_updated_by>admin</sys_updated_by>
            <sys_updated_on>2025-03-04 15:39:23</sys_updated_on>
            <sys_user/>
            <type/>
        </sys_ui_element>
        <sys_ui_element action="INSERT_OR_UPDATE">
            <element>gender</element>
            <position>1</position>
            <sys_created_by>admin</sys_created_by>
            <sys_created_on>2025-03-04 15:39:23</sys_created_on>
            <sys_id>9a0cf64e83c022109a6cc7b6feaad344</sys_id>
            <sys_mod_count>0</sys_mod_count>
            <sys_ui_formatter/>
            <sys_ui_section caption="NULL" display_value="" name="x_1625773_simple_0_simpleserve" sys_domain="global" view="Default view">b76b7a0e83c022109a6cc7b6feaad328</sys_ui_section>
            <sys_updated_by>admin</sys_updated_by>
            <sys_updated_on>2025-03-04 15:39:23</sys_updated_on>
            <sys_user/>
            <type/>
        </sys_ui_element>
        <sys_ui_element action="INSERT_OR_UPDATE">
            <element>dob</element>
            <position>2</position>
            <sys_created_by>admin</sys_created_by>
            <sys_created_on>2025-03-04 15:39:23</sys_created_on>
            <sys_id>920cf64e83c022109a6cc7b6feaad345</sys_id>
            <sys_mod_count>0</sys_mod_count>
            <sys_ui_formatter/>
            <sys_ui_section caption="NULL" display_value="" name="x_1625773_simple_0_simpleserve" sys_domain="global" view="Default view">b76b7a0e83c022109a6cc7b6feaad328</sys_ui_section>
            <sys_updated_by>admin</sys_updated_by>
            <sys_updated_on>2025-03-04 15:39:23</sys_updated_on>
            <sys_user/>
            <type/>
        </sys_ui_element>
        <sys_ui_section action="INSERT_OR_UPDATE">
            <caption/>
            <header>false</header>
            <name>x_1625773_simple_0_simpleserve</name>
            <roles/>
            <sys_class_name>sys_ui_section</sys_class_name>
            <sys_created_by>admin</sys_created_by>
            <sys_created_on>2025-03-04 15:36:45</sys_created_on>
            <sys_domain>global</sys_domain>
            <sys_domain_path>/</sys_domain_path>
            <sys_id>b76b7a0e83c022109a6cc7b6feaad328</sys_id>
            <sys_mod_count>0</sys_mod_count>
            <sys_name>x_1625773_simple_0_simpleserve</sys_name>
            <sys_overrides/>
            <sys_package display_value="SimpleServiceNow" source="x_1625773_simple_0">020b320e83c022109a6cc7b6feaad39b</sys_package>
            <sys_policy/>
            <sys_scope display_value="SimpleServiceNow">020b320e83c022109a6cc7b6feaad39b</sys_scope>
            <sys_update_name>sys_ui_section_b76b7a0e83c022109a6cc7b6feaad328</sys_update_name>
            <sys_updated_by>admin</sys_updated_by>
            <sys_updated_on>2025-03-04 15:36:45</sys_updated_on>
            <sys_user/>
            <title>true</title>
            <view display_value="Default view" name="NULL">Default view</view>
            <view_name/>
        </sys_ui_section>
    </sys_ui_section>
</record_update>
