<?xml version="1.0" encoding="UTF-8"?><record_update table="sys_user_role">
    <sys_user_role action="INSERT_OR_UPDATE">
        <assignable_by/>
        <can_delegate>true</can_delegate>
        <description>Default admin role</description>
        <elevated_privilege>false</elevated_privilege>
        <grantable>true</grantable>
        <includes_roles/>
        <name>x_1625773_simple_0.admin</name>
        <scoped_admin>false</scoped_admin>
        <suffix>admin</suffix>
        <sys_class_name>sys_user_role</sys_class_name>
        <sys_created_by>admin</sys_created_by>
        <sys_created_on>2025-03-04 15:35:00</sys_created_on>
        <sys_id>c60b320e83c022109a6cc7b6feaad3a6</sys_id>
        <sys_mod_count>0</sys_mod_count>
        <sys_name>x_1625773_simple_0.admin</sys_name>
        <sys_package display_value="SimpleServiceNow" source="x_1625773_simple_0">020b320e83c022109a6cc7b6feaad39b</sys_package>
        <sys_policy/>
        <sys_scope display_value="SimpleServiceNow">020b320e83c022109a6cc7b6feaad39b</sys_scope>
        <sys_update_name>sys_user_role_c60b320e83c022109a6cc7b6feaad3a6</sys_update_name>
        <sys_updated_by>admin</sys_updated_by>
        <sys_updated_on>2025-03-04 15:35:00</sys_updated_on>
    </sys_user_role>
</record_update>
