<?xml version="1.0" encoding="UTF-8"?><record_update table="sys_embedded_help_role">
    <sys_embedded_help_role action="INSERT_OR_UPDATE">
        <order>10</order>
        <role display_value="x_1625773_simple_0.admin" name="x_1625773_simple_0.admin">c60b320e83c022109a6cc7b6feaad3a6</role>
        <sys_class_name>sys_embedded_help_role</sys_class_name>
        <sys_created_by>admin</sys_created_by>
        <sys_created_on>2025-03-04 15:35:00</sys_created_on>
        <sys_id>060b320e83c022109a6cc7b6feaad3b6</sys_id>
        <sys_mod_count>0</sys_mod_count>
        <sys_name>c60b320e83c022109a6cc7b6feaad3a6</sys_name>
        <sys_package display_value="SimpleServiceNow" source="x_1625773_simple_0">020b320e83c022109a6cc7b6feaad39b</sys_package>
        <sys_policy/>
        <sys_scope display_value="SimpleServiceNow">020b320e83c022109a6cc7b6feaad39b</sys_scope>
        <sys_update_name>sys_embedded_help_role_060b320e83c022109a6cc7b6feaad3b6</sys_update_name>
        <sys_updated_by>admin</sys_updated_by>
        <sys_updated_on>2025-03-04 15:35:00</sys_updated_on>
    </sys_embedded_help_role>
</record_update>
