<?xml version="1.0" encoding="UTF-8"?><record_update table="ua_table_licensing_config">
    <ua_table_licensing_config action="INSERT_OR_UPDATE">
        <is_fulfillment>false</is_fulfillment>
        <license_condition/>
        <license_model>none</license_model>
        <license_roles/>
        <name>x_1625773_simple_0_simpleserve</name>
        <op_delete>true</op_delete>
        <op_insert>true</op_insert>
        <op_update>true</op_update>
        <owner_condition/>
        <sys_class_name>ua_table_licensing_config</sys_class_name>
        <sys_created_by>admin</sys_created_by>
        <sys_created_on>2025-03-04 15:36:44</sys_created_on>
        <sys_id>a36b3a0e83c022109a6cc7b6feaad3fd</sys_id>
        <sys_mod_count>0</sys_mod_count>
        <sys_name>x_1625773_simple_0_simpleserve</sys_name>
        <sys_package display_value="SimpleServiceNow" source="x_1625773_simple_0">020b320e83c022109a6cc7b6feaad39b</sys_package>
        <sys_policy/>
        <sys_scope display_value="SimpleServiceNow">020b320e83c022109a6cc7b6feaad39b</sys_scope>
        <sys_update_name>ua_table_licensing_config_a36b3a0e83c022109a6cc7b6feaad3fd</sys_update_name>
        <sys_updated_by>admin</sys_updated_by>
        <sys_updated_on>2025-03-04 15:36:44</sys_updated_on>
    </ua_table_licensing_config>
</record_update>
